abbrev,species,genus,group,spore_volume_um3,spore_volume_bin,spore_shape,sorocarp_habit,branching,stalk_height_mm,stalk_height_bin,stalk_diameter_um,stalk_diameter_bin,sori_diameter_um,sori_diameter_bin,cellular_support,notes
D.brefel.,Dictyostelium brefeldianum,Dictyostelium,4,58.9,50-80,"oblong, none",solitary,unbranched,17.9,>7,25.0,20-30,451,>250,supporter,
D.capita.,Dictyostelium capitatum,Dictyostelium,4,20.2,0-50,"oblong, none",gregarious,unbranched,4.61,3-7,11.1,10-20,179,150-250,none,
D.aur.cep.,Dictyostelium aureocephalum,Dictyostelium,4,68.1,50-80,"oblong, none",solitary,unbranched,5.11,3-7,40.5,>30,171,150-250,disk,
D.septen.,Dictyostelium septentrionalis,Dictyostelium,4,148.0,>80,"oblong, none",solitary,unbranched,16.57,>7,36.8,>30,392,>250,disk,
D.medium,Dictyostelium medium,Dictyostelium,4,67.3,50-80,"oblong, none",solitary,unbranched,4.89,3-7,26.8,20-30,196,150-250,disk,
D.sphaer.,Dictyostelium sphaerocephalum,Dictyostelium,4,66.0,50-80,"oblong, none",solitary,lateral,4.53,3-7,44.4,>30,383,>250,none,
D.clavat.,Dictyostelium clavatum,Dictyostelium,4,9.3,0-50,"oblong, none",solitary,unbranched,6.13,3-7,42.1,>30,162,150-250,supporter,
D.purpur.,Dictyostelium purpureum,Dictyostelium,4,34.0,0-50,"oblong, none",solitary,unbranched,12.97,>7,33.3,>30,355,>250,supporter,
D.discoid.,Dictyostelium discoideum,Dictyostelium,4,55.5,50-80,"oblong, none",solitary,unbranched,6.49,3-7,40.6,>30,380,>250,disk,
D.dimigra.,Dictyostelium dimigraformum,Dictyostelium,4,98.4,>80,"oblong, none",solitary,unbranched,11.45,>7,47.4,>30,386,>250,none,
D.firmiba.,Dictyostelium firmibasis,Dictyostelium,4,74.7,50-80,"oblong, none",solitary,unbranched,14.43,>7,36.0,>30,289,>250,disk,
D.gigant.,Dictyostelium giganteum,Dictyostelium,4,64.0,50-80,"oblong, none",solitary,unbranched,13.55,>7,46.6,>30,287,>250,disk,
P.violace.,Polysphondylium violaceum,Polysphondylium,3,20.1,0-50,"oblong, consolidated",solitary,"abstriction, regular whorls",13.3,>7,28.9,20-30,175,150-250,none,
D.monoch.,Dictyostelium monochasioides,Dictyostelium,3,61.0,50-80,"oblong, consolidated",gregarious,repeated lateral,6.02,3-7,15.0,10-20,221,150-250,none,
D.minutu.,Dictyostelium minutum,Dictyostelium,3,38.1,0-50,"oblong, none",clustered,lateral,2.35,1-3,11.3,10-20,146,75-150,none,
D.tenue,Dictyostelium tenue,Dictyostelium,3,67.6,50-80,"oblong, equivocal",clustered/gregarious,"abstriction, irregular whorls",3.4,3-7,11.0,10-20,120,75-150,none,habit cell is split red/yellow in the figure
D.lavand.,Dictyostelium lavandulum,Dictyostelium,3,71.9,50-80,"oblong, consolidated",clustered,unbranched,5.45,3-7,17.3,10-20,177,150-250,crampon,
D.rhizopo.,Dictyostelium rhizopodium,Dictyostelium,3,62.5,50-80,"oblong, consolidated",clustered,unbranched,4.12,3-7,22.1,20-30,160,150-250,crampon,
D.lacteum,Dictyostelium lacteum,Dictyostelium,3,29.1,0-50,globose/subglobose,clustered,unbranched,1.4,1-3,10.8,10-20,86,75-150,none,
D.caveat.,Dictyostelium caveatum,Dictyostelium,3,15.5,0-50,"oblong, consolidated",clustered,unbranched,1.68,1-3,4.6,0-10,98,75-150,none,
D.polycar.,Dictyostelium polycarpum,Dictyostelium,3,97.3,>80,"oblong, unconsolidated",coremiform,unbranched,4.27,3-7,17.6,10-20,158,150-250,none,
P.luridum,Polysphondylium luridum,Polysphondylium,2,133.6,>80,"oblong, unconsolidated",solitary,"abstriction, regular whorls",18.19,>7,37.0,>30,231,150-250,none,
P.arachn.,Polysphondylium arachnoideum,Polysphondylium,2,66.9,50-80,"oblong, unconsolidated",solitary,"abstriction, regular whorls",5.28,3-7,26.7,20-30,134,75-150,none,
P.tikalien.,Polysphondylium tikaliense,Polysphondylium,2,39.6,0-50,"oblong, unconsolidated",clustered,"abstriction, regular whorls",15.59,>7,11.2,10-20,234,150-250,none,
P.ps.cand.,Polysphondylium pseudocandidum,Polysphondylium,2,55.9,50-80,"oblong, unconsolidated",solitary,"abstriction, regular whorls",18.54,>7,15.1,10-20,101,75-150,none,
D.gloeos.,Dictyostelium gloeosporum,Dictyostelium,2,56.0,50-80,"oblong, none",solitary,unbranched,1.66,1-3,18.5,10-20,223,150-250,none,
P.pallidu.,Polysphondylium pallidum,Polysphondylium,2,44.5,0-50,"oblong, unconsolidated",clustered,"abstriction, regular whorls",8.84,>7,12.2,10-20,204,150-250,none,
A.elliptic.,Acytostelium ellipticum,Acytostelium,2,44.4,0-50,"oblong, unconsolidated",clustered/gregarious,unbranched,2.31,1-3,2.4,0-10,16,0-75,none,habit cell is split red/yellow in the figure
A.longiso.,Acytostelium longisporum,Acytostelium,2,59.2,50-80,globose/subglobose,clustered,unbranched,1.27,1-3,8.8,0-10,33,0-75,none,
A.digitat.,Acytostelium digitatum,Acytostelium,2,109.1,>80,globose/subglobose,gregarious,unbranched,2.73,1-3,1.9,0-10,101,75-150,none,
A.subglo.,Acytostelium subglobosum,Acytostelium,2,124.8,>80,globose/subglobose,gregarious,unbranched,0.36,0-1,0.7,0-10,4,0-75,none,
D.fascic.,Dictyostelium fasciculatum,Dictyostelium,1,46.2,0-50,"oblong, consolidated",clustered,unbranched,14.6,>7,15.7,10-20,296,>250,none,
D.aur.stip.,Dictyostelium aureostipes,Dictyostelium,1,41.9,0-50,"oblong, consolidated",solitary,"abstriction, irregular whorls",12.66,>7,12.3,10-20,242,150-250,none,
D.medus.,Dictyostelium medusoides,Dictyostelium,1,16.5,0-50,"oblong, consolidated",gregarious,unbranched,5.47,3-7,16.9,10-20,265,>250,none,
D.bifurca.,Dictyostelium bifurcatum,Dictyostelium,1,27.9,0-50,"oblong, consolidated",clustered,bifurcation,1.9,1-3,27.3,20-30,243,150-250,none,
D.microsp.,Dictyostelium microsporum,Dictyostelium,1,12.4,0-50,"oblong, consolidated",gregarious,unbranched,2.31,1-3,16.8,10-20,88,75-150,none,
D.exiguu.,Dictyostelium exiguum,Dictyostelium,1,45.3,0-50,"oblong, consolidated",gregarious,lateral,6.32,3-7,28.6,20-30,181,150-250,none,
D.deminu.,Dictyostelium deminutivum,Dictyostelium,1,3.1,0-50,"oblong, consolidated",clustered,unbranched,0.16,0-1,2.8,0-10,46,0-75,none,
