household_income_range,pct_households,year,median_household_income_usd,avg_personal_income_usd
<5000,3.16,1995,49000,29467
5000-14999,4.1,1996,50080,28740
15000-24999,5.23,1997,50510,28460
25000-34999,6.07,1998,50950,29250
35000-44999,6.13,1999,51850,27580
45000-54999,5.38,2000,53950,28310
55000-64999,5.04,2001,55710,28110
65000-74999,4.7,2002,56350,26600
75000-84999,4.4,2003,56330,27570
85000-94999,4.18,2004,55260,29320
95000-104999,3.97,2005,54480,27170
105000-114999,3.81,2006,54400,29320
115000-124999,3.89,2007,54490,28370
125000-134999,3.65,2008,53160,26490
135000-144999,3.23,2009,52930,28860
145000-154999,2.65,2010,52810,28840
155000-164999,2.41,2011,52190,28070
165000-174999,2.24,2012,51800,28850
175000-184999,2.63,2013,50540,27700
185000-194999,2.0,2014,50160,28540
195000-204999,0.73,2015,49700,28640
>205000,2.12,2016,49100,27290
