year,families_nonprofits,nonfinancial_business,government_bonds,total_financial_assets
1990,206.7,51.5,37.6,114.2
1991,212.3,51.5,41.8,125.3
1992,217.9,52.9,30.6,136.4
1993,219.3,52.9,43.2,147.6
1994,226.2,55.7,34.8,158.7
1995,233.2,55.7,41.8,171.2
1996,237.4,57.1,32.0,185.2
1997,237.4,59.9,41.8,194.9
1998,238.7,58.5,29.2,213.0
1999,245.7,61.3,37.6,217.2
2000,220.6,62.6,39.0,232.5
2001,219.3,62.6,41.8,243.6
2002,220.6,64.0,32.0,256.1
2003,240.1,64.0,51.5,268.7
2004,209.5,64.0,32.0,284.0
2005,201.2,64.7,38.3,288.2
2006,209.5,66.8,26.5,304.9
2007,209.5,66.8,39.0,317.4
2008,209.5,69.6,40.4,331.3
2009,212.3,69.6,45.9,339.7
2010,226.2,71.0,32.0,352.2
2011,241.5,69.6,48.7,361.9
2012,242.9,73.8,44.5,377.3
2013,242.9,75.2,45.9,391.2
2014,247.1,73.8,44.5,399.5
2015,247.1,75.2,33.4,413.5
2016,248.5,78.0,41.8,430.2
